Ticker Symbol,Company,Sector,Sub Industry,Current Price,Price Change,Volatility,ROE,Cash Ratio,Net Cash Flow,Net Income,Earnings Per Share,Estimated Shares Outstanding,P/E Ratio,P/B Ratio
STK0,Company_0,Healthcare,Pharma,746.37,-13.301,3.092,25.05,53.12,-783599056,4341352884,19.43,68676502,156.79,47.69
STK1,Company_1,Retail,Software,456.46,-15.817,1.031,-4.12,377.18,-3065209263,7957040256,6.46,3857115392,79.88,38.44
STK2,Company_2,Energy,E‑commerce,560.35,5.457,1.028,7.28,588.89,1499866956,100392641,-1.03,134314911,116.98,17.58
STK3,Company_3,Retail,Oil & Gas,738.77,8.259,0.839,44.22,122.16,-751342091,1691766611,0.9,149110299,182.53,3.42
STK4,Company_4,Retail,Oil & Gas,568.72,-18.737,3.861,118.41,477.63,4584427539,4838882311,2.12,2217039906,112.16,46.01
STK5,Company_5,Finance,Software,130.51,17.448,3.16,81.53,545.66,3773920489,983515247,4.0,1461619692,37.38,10.68
STK6,Company_6,Energy,Pharma,465.27,-17.921,1.93,72.03,566.78,-3082782910,8156183200,14.28,815325524,77.6,-0.34
STK7,Company_7,Energy,Pharma,489.3,1.652,1.749,36.96,576.48,3890597378,9761793211,13.03,3233795820,169.1,23.79
STK8,Company_8,Energy,E‑commerce,345.06,8.362,1.919,139.08,317.66,2427006669,9453033156,15.88,1023597705,129.91,46.63
STK9,Company_9,Retail,Software,591.79,14.839,3.279,53.52,586.61,903348355,7103449451,5.88,626520058,131.19,-9.77
STK10,Company_10,Healthcare,Oil & Gas,748.15,8.563,2.916,3.93,456.81,797969374,-897295085,19.72,806324959,173.76,4.29
STK11,Company_11,Energy,Pharma,741.2,12.069,1.393,88.73,105.39,2912727807,1453564582,1.12,4646868511,179.11,46.31
STK12,Company_12,Retail,Software,366.16,-6.422,1.357,8.21,291.37,-3396941432,6567103250,9.07,3046354267,184.2,0.27
STK13,Company_13,Finance,Pharma,99.46,12.593,1.115,45.24,433.82,-4554703881,2692253658,19.03,3757444656,21.69,-3.21
STK14,Company_14,Healthcare,Pharma,788.02,-16.795,2.913,71.19,155.93,3798917679,1351568554,0.4,1058605777,110.19,24.21
STK15,Company_15,Finance,Oil & Gas,672.73,15.793,3.246,129.88,387.96,-2504559197,893526924,-1.7,1679747619,148.88,41.71
STK16,Company_16,Healthcare,Banking,108.48,1.904,1.648,68.97,403.29,1648748345,3615797723,21.51,4869379195,152.11,18.63
STK17,Company_17,Retail,E‑commerce,737.47,12.692,0.867,102.36,105.99,-2762007697,1420978028,5.29,2506301448,122.52,49.67
STK18,Company_18,Tech,E‑commerce,697.22,-1.907,1.063,148.85,343.4,-3495889603,3293724714,15.52,3094507848,35.86,30.75
STK19,Company_19,Healthcare,Oil & Gas,419.88,5.743,3.897,11.04,465.26,2552708083,7560739783,-4.24,4839355207,160.09,-5.56
STK20,Company_20,Finance,Pharma,477.11,1.056,1.745,33.96,304.35,-4937172126,4543655769,15.7,2585250610,144.86,49.57
STK21,Company_21,Retail,Software,325.21,9.264,3.262,53.13,17.14,-4109901102,3575192470,4.48,2373740753,19.97,14.47
STK22,Company_22,Healthcare,Pharma,53.26,-16.735,2.799,57.49,15.33,-3339478982,7783270476,-3.33,2217421837,94.37,7.24
STK23,Company_23,Tech,Oil & Gas,274.81,-17.586,2.022,55.76,220.65,-3509806722,6876382646,13.29,3828278299,37.27,23.47
STK24,Company_24,Tech,E‑commerce,644.25,-10.116,1.458,135.22,556.45,-4318479431,2501522186,2.22,4994883393,69.48,8.26
STK25,Company_25,Energy,Pharma,13.66,-13.618,1.188,104.25,144.92,-3890906225,3564838953,6.6,753131853,6.56,-4.81
STK26,Company_26,Energy,E‑commerce,273.46,14.871,2.768,87.26,384.27,-2673646348,4542150241,-2.58,523381167,81.86,-9.91
STK27,Company_27,Finance,Software,324.55,-11.231,3.279,39.5,141.02,2551700541,7757248786,-0.59,4762002358,111.33,16.98
STK28,Company_28,Healthcare,E‑commerce,434.54,19.035,2.86,121.81,199.79,613112139,4865913715,3.94,4901834584,125.06,40.21
STK29,Company_29,Healthcare,E‑commerce,736.69,-6.524,2.497,142.81,510.34,1077255100,5099364720,-2.31,3219618566,133.71,24.34
STK30,Company_30,Energy,Banking,283.61,-12.715,0.934,121.39,440.03,-1938643190,2956046555,22.32,215788510,167.75,49.95
STK31,Company_31,Healthcare,Banking,284.09,11.588,3.899,-9.75,66.29,953735183,2196319074,-4.82,3064409323,45.45,7.21
STK32,Company_32,Healthcare,Banking,592.63,6.348,3.356,91.82,262.93,4386104632,7172711475,9.52,4334158249,26.73,6.83
STK33,Company_33,Tech,E‑commerce,367.25,-0.072,1.737,-1.82,27.21,3025746141,6133101486,-1.3,4316598696,170.75,-0.42
STK34,Company_34,Energy,Oil & Gas,187.44,2.215,3.936,31.22,293.73,-2488869671,2280216899,4.23,3660492402,33.85,-0.16
STK35,Company_35,Retail,E‑commerce,367.43,8.768,2.726,-0.48,400.84,-131007823,1008331659,22.78,2140487270,195.03,7.11
STK36,Company_36,Energy,Oil & Gas,121.28,-10.862,2.664,86.61,79.92,1231036694,5604012901,-0.15,43357473,168.98,37.57
STK37,Company_37,Retail,Oil & Gas,149.35,19.853,3.194,99.85,180.44,3411684157,3743671947,23.97,4037931138,101.67,44.35
STK38,Company_38,Tech,Banking,403.71,18.992,3.398,8.32,244.72,1585264632,275104164,1.17,4816159922,196.34,48.51
STK39,Company_39,Finance,Pharma,340.95,6.013,2.901,51.41,552.52,2508602818,5440551732,17.25,306043004,22.18,3.94
STK40,Company_40,Healthcare,Software,732.73,-12.018,1.21,63.0,596.02,261514812,2188366092,11.4,1100856204,62.7,42.88
STK41,Company_41,Tech,Banking,296.29,7.209,1.882,49.05,36.5,-2729145891,1578585468,21.53,4689650441,128.73,9.7
STK42,Company_42,Healthcare,Banking,468.66,-17.112,3.77,9.36,458.99,-1452710433,3596417589,11.62,3082465495,71.95,-3.23
STK43,Company_43,Finance,Pharma,509.49,-18.774,1.519,57.03,229.32,490933357,2151289971,11.04,1174547123,185.89,42.2
STK44,Company_44,Finance,Software,20.34,-9.693,1.991,110.19,241.55,-2188045926,4992720131,0.86,3112733279,15.93,28.17
STK45,Company_45,Tech,E‑commerce,534.19,-1.495,2.183,1.36,455.02,-433847223,903848966,-0.01,4336715272,111.23,-0.12
STK46,Company_46,Finance,E‑commerce,150.65,14.731,2.206,2.83,551.87,2673853911,3614548601,22.49,2196719948,119.4,15.79
STK47,Company_47,Retail,Banking,769.25,9.087,2.761,46.76,571.05,-1788057773,8179177819,4.84,608372628,131.59,7.24
STK48,Company_48,Finance,Software,127.44,9.708,3.818,140.68,350.5,-3007177564,4659225576,6.16,1806781538,53.37,34.21
STK49,Company_49,Healthcare,Banking,337.55,-2.98,1.57,96.97,220.7,4723824661,9983022508,17.79,1918664643,74.82,17.2
STK50,Company_50,Healthcare,Oil & Gas,77.43,-6.163,1.189,98.59,474.65,1078413692,7955659249,5.16,1312590308,169.21,49.36
STK51,Company_51,Healthcare,Banking,797.53,-5.158,1.432,47.91,158.09,-1184075681,8074382648,23.56,1160159927,41.4,-6.72
STK52,Company_52,Healthcare,Banking,406.73,19.506,3.638,84.99,342.8,-2293999301,5798670232,17.14,4697903180,165.89,11.3
STK53,Company_53,Retail,E‑commerce,480.35,-18.396,2.867,-8.38,221.56,2661244079,4299549212,12.92,4359068428,113.84,18.91
STK54,Company_54,Energy,E‑commerce,62.99,14.681,1.715,91.78,397.41,1137443544,6919456608,21.43,2778042245,153.15,20.19
STK55,Company_55,Tech,E‑commerce,602.47,3.147,3.411,136.13,151.84,-3125592122,2557409826,-3.51,795397155,143.58,8.96
STK56,Company_56,Healthcare,Oil & Gas,175.83,-2.455,3.556,88.01,123.04,-299899503,4439457115,2.71,2740018640,43.88,33.75
STK57,Company_57,Finance,E‑commerce,719.46,9.01,3.509,129.79,551.76,2507623175,-1543284798,8.95,4274659713,115.06,42.48
STK58,Company_58,Healthcare,Software,172.06,-0.533,3.741,105.84,70.06,2330812796,6336738803,1.81,3350271180,173.94,46.32
STK59,Company_59,Finance,Pharma,160.64,14.937,1.607,9.29,308.52,-680471614,1748025004,17.32,3730441850,88.13,38.31
STK60,Company_60,Finance,Software,38.87,16.028,3.216,134.39,140.3,-2999293606,8531631725,22.58,598637290,193.42,41.03
STK61,Company_61,Healthcare,Software,382.93,-3.131,2.274,0.63,32.97,4895734671,6590735717,7.71,3713169858,92.09,23.03
STK62,Company_62,Retail,E‑commerce,456.22,-8.927,3.494,75.43,31.25,-3633751796,4931988986,5.26,3515089979,31.13,39.55
STK63,Company_63,Finance,Pharma,61.91,3.694,3.131,12.74,113.38,-871851742,9237473460,23.85,235805324,79.72,8.21
STK64,Company_64,Finance,Pharma,622.67,16.495,3.285,-8.13,521.39,3648769437,4250822975,8.35,458460600,190.49,13.91
STK65,Company_65,Healthcare,Pharma,368.1,-11.574,2.9,57.53,176.66,3934486523,8372176088,9.67,2453764204,65.99,9.01
STK66,Company_66,Finance,Oil & Gas,424.27,4.919,1.368,37.21,570.77,3657549909,5432408582,5.55,1714197176,174.02,18.04
STK67,Company_67,Finance,E‑commerce,358.2,5.262,2.544,67.76,353.16,-631374946,2876314448,22.29,18918562,176.61,7.13
STK68,Company_68,Healthcare,Pharma,326.6,9.325,3.951,82.35,267.6,3231748503,3143821296,12.07,1129735671,71.99,47.7
STK69,Company_69,Healthcare,Oil & Gas,452.12,-14.737,3.8,-3.0,352.25,2327894960,-1224680119,17.87,2235994457,19.4,8.77
STK70,Company_70,Tech,Banking,132.64,8.633,0.938,9.68,314.85,3612896185,3422269880,19.35,3111894525,145.74,-4.12
STK71,Company_71,Retail,Banking,153.72,16.361,1.327,79.38,457.68,-3271984516,8845902319,5.26,757997300,64.37,21.61
STK72,Company_72,Retail,Oil & Gas,690.81,-12.813,1.222,44.91,176.67,972554066,-1522362063,8.01,4421279902,157.24,-6.57
STK73,Company_73,Finance,Oil & Gas,757.43,-10.498,3.123,106.67,218.3,-4702237117,6023726042,20.45,1939592044,90.2,-3.37
STK74,Company_74,Retail,E‑commerce,304.91,18.856,3.417,94.37,537.52,-2258426852,-1301904661,5.9,1283221100,98.6,3.16
STK75,Company_75,Finance,E‑commerce,223.89,-12.761,1.483,125.3,568.41,-110456772,901771451,18.82,545210430,156.25,17.86
STK76,Company_76,Tech,Banking,518.76,14.175,2.419,100.8,536.61,890487265,2458546691,23.23,236429665,78.33,16.0
STK77,Company_77,Healthcare,Pharma,332.9,-0.309,3.49,58.79,257.47,-2280973634,662744707,13.7,2389323787,90.3,37.98
STK78,Company_78,Healthcare,Banking,30.06,-10.111,3.145,97.67,470.42,-3019303255,9588674037,17.25,1289706662,77.11,34.37
STK79,Company_79,Healthcare,Pharma,133.36,14.83,2.535,34.06,291.04,-2835320307,3218026755,19.15,1964534956,75.37,15.58
STK80,Company_80,Retail,Pharma,575.62,-2.188,2.689,39.01,303.55,851597978,-1819765690,20.35,712458181,106.61,10.02
STK81,Company_81,Tech,E‑commerce,530.55,0.593,2.427,116.24,130.76,-232314505,3856812209,6.85,1316202006,162.33,8.99
STK82,Company_82,Retail,Software,31.41,-5.631,1.752,61.43,358.77,-2287111765,-1576540996,-3.46,2677631341,74.27,36.44
STK83,Company_83,Retail,Software,185.36,3.718,2.608,117.74,119.82,-4766393514,7090203143,7.06,1893983182,106.28,-6.88
STK84,Company_84,Tech,Oil & Gas,192.55,-13.459,3.004,121.59,205.62,-2232938438,-907956329,15.21,4471427056,135.13,-9.23
STK85,Company_85,Tech,E‑commerce,540.8,-4.357,3.595,127.21,514.47,-4700208459,7858959651,8.51,2155543751,56.08,37.73
STK86,Company_86,Tech,Pharma,25.57,18.776,2.836,136.66,132.17,1677332885,4571172595,17.47,3294688944,57.67,18.63
STK87,Company_87,Tech,Software,92.25,-9.675,3.236,58.96,51.98,4466823271,9503605546,5.71,1091501828,186.88,-2.15
STK88,Company_88,Healthcare,Pharma,641.93,6.269,1.312,41.02,50.71,1784872177,9135866399,14.04,3547963793,145.54,4.13
STK89,Company_89,Energy,Software,151.05,-6.992,2.277,83.15,565.06,-925173843,2932170104,0.59,4671192053,116.71,45.95
STK90,Company_90,Energy,Software,525.67,10.939,0.83,49.39,309.08,-444736591,3034071195,17.48,3730230692,130.6,41.57
STK91,Company_91,Tech,Software,198.16,-14.765,1.589,86.17,251.55,4326238778,8185714718,11.37,1283619263,8.77,32.59
STK92,Company_92,Energy,E‑commerce,88.56,18.793,3.125,102.89,488.42,2240028691,249117222,1.12,453312143,124.77,18.93
STK93,Company_93,Energy,Banking,202.11,-1.848,3.974,100.14,503.14,3204302501,4313238447,3.76,2108273889,103.37,21.22
STK94,Company_94,Tech,Pharma,580.59,-10.558,1.117,49.93,205.99,3081477644,8748116456,17.46,1157375055,110.51,48.51
STK95,Company_95,Energy,E‑commerce,686.0,-17.06,2.085,16.7,419.23,-2489592511,3647926549,9.48,3921276356,73.81,47.95
STK96,Company_96,Retail,E‑commerce,665.87,-13.21,3.36,58.88,464.96,-1418890832,9989013569,1.48,1881197275,19.05,2.92
STK97,Company_97,Finance,E‑commerce,323.77,0.791,1.453,12.82,396.24,2054817089,3840271139,24.02,564420966,41.09,38.67
STK98,Company_98,Finance,E‑commerce,537.79,-6.52,2.576,132.42,99.44,2475668554,3613403225,16.45,3198148883,190.3,1.83
STK99,Company_99,Tech,E‑commerce,171.94,13.155,3.146,45.34,526.77,2312784019,-1161634562,23.71,1366107613,83.51,2.81
STK100,Company_100,Healthcare,Oil & Gas,241.59,-2.764,2.771,14.71,328.07,3227749584,9504031996,7.81,954299929,94.94,30.57
STK101,Company_101,Tech,Pharma,718.11,-10.051,1.402,-5.93,176.66,1858102506,-612297346,9.25,583525178,13.38,14.3
STK102,Company_102,Healthcare,E‑commerce,20.27,4.686,1.937,93.33,260.88,-807308870,6537319257,21.94,3536779867,10.4,45.89
STK103,Company_103,Finance,Pharma,77.55,8.271,3.308,91.9,32.17,-1563710762,7988740185,10.75,1959597919,144.28,-4.66
STK104,Company_104,Tech,Oil & Gas,174.23,-13.318,2.574,44.5,85.44,4127752776,-307198587,16.22,2467459858,109.0,20.69
STK105,Company_105,Retail,Oil & Gas,30.96,-13.295,0.817,1.47,461.67,4451303090,4886267947,2.57,4014404799,103.22,45.11
STK106,Company_106,Energy,Pharma,153.33,-18.533,3.235,55.54,10.01,2263699408,4311534610,8.4,3695970101,50.9,44.25
STK107,Company_107,Healthcare,Software,470.6,9.456,0.913,39.79,255.77,-155547795,-184706159,-1.3,742726265,149.72,-0.61
STK108,Company_108,Energy,Banking,342.93,6.552,3.186,98.34,318.28,-2125341424,-1954930147,1.18,1885860518,36.14,12.0
STK109,Company_109,Energy,Software,715.21,-1.015,1.448,86.92,42.23,609448348,1844276137,-4.97,3399142007,40.42,27.15
STK110,Company_110,Tech,Software,655.78,13.767,3.866,48.33,584.12,1082610246,-1359445047,-3.82,4297235941,93.76,-0.44
STK111,Company_111,Energy,Software,280.04,12.227,1.977,24.86,143.41,1334866170,1375523339,24.32,4626918218,59.4,48.08
STK112,Company_112,Retail,E‑commerce,214.94,3.414,1.846,148.09,189.48,3342473431,4948963165,2.27,967819872,51.75,44.88
STK113,Company_113,Energy,Oil & Gas,309.96,14.731,1.276,62.64,189.33,-383678049,8058157478,14.9,1761899686,130.11,0.02
STK114,Company_114,Tech,Software,476.33,-11.766,1.778,100.12,145.95,-2724177325,1753264373,20.17,1503714021,131.24,-2.73
STK115,Company_115,Retail,Oil & Gas,221.77,-15.523,3.605,12.49,10.87,8025592,-1944563893,11.52,4397934273,165.43,-4.88
STK116,Company_116,Finance,Pharma,503.08,-9.21,3.988,67.69,440.31,2003291839,7563563548,-0.41,404181795,85.29,44.57
STK117,Company_117,Energy,Banking,333.44,-17.717,1.979,-5.59,580.44,-616896457,434786026,16.84,2934672110,17.4,1.62
STK118,Company_118,Tech,Pharma,446.12,1.247,2.236,70.87,142.33,-3480884317,3804829812,13.01,2218588222,56.91,14.98
STK119,Company_119,Finance,Pharma,354.54,17.464,3.111,144.24,401.2,-3700862452,9211485953,16.94,2325808034,196.06,16.93
STK120,Company_120,Finance,E‑commerce,242.63,-18.426,3.636,51.47,447.72,-4269359847,-1499812693,18.09,1105617947,120.46,25.94
STK121,Company_121,Healthcare,Banking,759.28,-15.116,2.698,-3.76,510.57,3152870403,2840841489,24.26,3308003840,142.82,-5.7
STK122,Company_122,Retail,Pharma,613.25,-1.912,2.053,-5.05,259.35,4755442551,7402901638,12.21,3238933162,4.45,3.61
STK123,Company_123,Energy,Pharma,120.69,17.355,2.12,52.08,188.73,4013345045,8562748113,5.25,923386174,105.09,45.89
STK124,Company_124,Tech,Banking,696.09,-7.354,3.026,15.6,201.92,2856844830,1889259705,14.45,426690049,10.39,44.5
STK125,Company_125,Healthcare,Banking,395.07,0.289,0.81,-6.26,430.45,-2944874817,1587897707,-2.95,4580869885,115.14,36.88
STK126,Company_126,Retail,Pharma,716.7,-18.337,2.783,110.99,491.9,2647429897,7435561566,21.92,3696501128,184.39,-8.84
STK127,Company_127,Healthcare,Banking,641.89,-14.066,1.938,63.36,117.15,633664919,4189694474,-1.42,4076819486,193.78,9.62
STK128,Company_128,Retail,Pharma,345.92,19.465,3.341,36.28,228.86,3603424683,3430865091,4.84,1462690926,109.49,27.68
STK129,Company_129,Retail,Pharma,27.75,18.605,1.098,134.01,542.14,3054805846,162717793,19.47,4223555586,93.27,6.51
STK130,Company_130,Energy,E‑commerce,222.26,-19.802,2.682,8.58,485.95,-3102713280,-1707473961,12.92,3229273684,189.17,44.58
STK131,Company_131,Retail,Software,437.89,18.072,2.339,142.95,591.07,-1928297546,3232018881,6.81,3014476761,135.7,28.03
STK132,Company_132,Healthcare,Pharma,510.45,5.565,2.855,40.23,455.01,505800372,4296921513,9.2,4550185625,15.79,-5.69
STK133,Company_133,Retail,Oil & Gas,213.73,14.717,1.008,132.14,241.99,-4180838123,-87079434,20.64,450359567,94.75,44.54
STK134,Company_134,Energy,Software,120.09,-1.81,2.656,86.47,358.48,-3509378472,-1937434540,5.2,61187343,50.33,47.47
STK135,Company_135,Energy,Software,669.59,0.624,2.597,122.27,400.0,4445689449,7652508410,21.09,609974146,95.55,-5.34
STK136,Company_136,Healthcare,Software,787.68,-0.446,2.594,147.44,56.29,3783042510,3002040998,-2.36,4188117132,92.73,21.94
STK137,Company_137,Finance,E‑commerce,425.3,6.675,2.731,36.14,331.25,4132631542,8644369840,18.3,2131624298,117.68,8.2
STK138,Company_138,Finance,Pharma,145.63,-14.414,2.965,143.78,428.5,-1713661409,-1909715015,20.43,3743839681,73.28,13.57
STK139,Company_139,Retail,E‑commerce,225.12,-18.801,3.376,52.32,108.72,-960930265,1520196245,0.45,599386085,35.36,0.78
STK140,Company_140,Tech,Pharma,24.53,-7.683,1.663,51.68,470.57,1317327180,9973261508,7.91,1521526855,102.23,24.68
STK141,Company_141,Retail,E‑commerce,732.3,8.187,3.44,44.46,354.43,4092496120,3512006708,-0.04,2894758726,166.55,47.48
STK142,Company_142,Healthcare,E‑commerce,103.02,-11.926,2.394,76.63,571.81,-175752817,4627126522,16.2,1102034759,133.81,20.18
STK143,Company_143,Healthcare,Oil & Gas,465.45,6.937,1.047,14.66,35.03,-2793027873,8195428217,11.06,2720336501,69.66,-5.03
STK144,Company_144,Healthcare,E‑commerce,226.5,18.796,0.987,78.59,166.54,3174602727,9275706310,14.06,117305812,187.3,27.2
STK145,Company_145,Healthcare,Banking,447.8,-16.244,1.87,76.67,364.92,-1177978516,-1946995590,0.89,2723904625,182.7,10.41
STK146,Company_146,Healthcare,Oil & Gas,524.62,6.904,3.312,111.9,184.97,-1487333904,7203946882,1.35,2273663196,44.24,41.36
STK147,Company_147,Energy,E‑commerce,665.5,-2.25,3.065,123.38,431.51,-2808929403,9778061065,-3.76,2946847965,10.77,16.08
STK148,Company_148,Finance,Software,173.07,14.726,3.324,60.47,457.81,-2797123909,9158364194,4.66,3134384245,149.04,1.57
STK149,Company_149,Healthcare,Banking,18.69,-12.914,2.455,38.37,70.48,3029896973,3948970379,11.79,1713343528,166.04,1.47
STK150,Company_150,Tech,Banking,118.14,7.705,2.209,31.49,313.17,-1814841012,2090592604,20.74,4841280220,193.67,36.13
STK151,Company_151,Tech,Banking,721.01,13.525,1.272,21.14,310.25,-139584834,7423857785,15.01,4775227439,178.3,5.94
STK152,Company_152,Tech,Oil & Gas,700.37,17.785,1.85,-0.78,227.88,2965890679,-1889149502,8.06,2335134840,121.31,36.03
STK153,Company_153,Tech,E‑commerce,481.96,7.33,2.189,44.79,560.43,2963989442,376365191,23.59,1230021496,107.42,2.35
STK154,Company_154,Energy,E‑commerce,484.41,-0.113,1.084,33.24,498.23,-3253851915,8825247759,16.58,4282525914,8.48,9.3
STK155,Company_155,Tech,Software,535.38,4.714,1.506,144.63,421.35,3174142159,2271697090,22.9,1128422832,51.59,17.93
STK156,Company_156,Healthcare,Software,148.54,14.756,2.714,79.23,431.45,1888487519,-1512346636,10.83,3610899035,93.54,46.59
STK157,Company_157,Retail,Banking,732.39,2.824,3.154,45.56,282.41,-2523461723,1940817222,2.77,2960391004,126.82,45.9
STK158,Company_158,Tech,Software,340.83,-18.785,3.995,82.87,553.39,-1625688571,9930608454,-3.42,3845894313,112.78,2.41
STK159,Company_159,Energy,Oil & Gas,312.68,17.238,3.786,12.27,419.81,380728351,5826886881,16.78,2971024041,149.3,11.49
STK160,Company_160,Energy,E‑commerce,419.94,7.581,2.856,61.05,440.1,-1866976966,1877340949,-1.36,2990119609,58.11,-1.04
STK161,Company_161,Tech,Banking,47.1,7.061,2.148,90.2,518.4,3540635443,-62139989,4.08,3270906568,114.3,20.6
STK162,Company_162,Retail,Software,141.36,-11.373,2.836,68.22,171.7,-4891606402,-580979447,10.97,2671796762,20.36,17.63
STK163,Company_163,Tech,Oil & Gas,593.05,6.355,3.314,54.28,486.17,-3914893538,9120592079,11.93,342480086,84.49,44.05
STK164,Company_164,Energy,Oil & Gas,75.41,-4.245,1.179,149.02,125.19,1528668372,4246078151,13.02,2596671109,150.78,45.8
STK165,Company_165,Finance,Software,486.49,6.049,2.112,130.85,213.75,1536738387,2024074545,-0.01,1394374585,139.6,13.01
STK166,Company_166,Healthcare,E‑commerce,203.83,-15.736,3.487,89.74,208.01,2523391875,1420874427,6.39,4609014201,198.16,19.5
STK167,Company_167,Energy,Software,317.54,6.314,2.028,81.1,587.33,-2322183124,5545218541,13.52,3485465217,57.74,43.77
STK168,Company_168,Tech,Banking,238.07,19.977,2.63,89.31,515.36,-475189840,-1286713949,24.09,2145583123,101.14,38.4
STK169,Company_169,Healthcare,Software,290.98,-18.072,2.681,22.21,423.69,-4003328176,-1746142442,16.83,4091537559,67.92,-9.78
STK170,Company_170,Tech,Oil & Gas,578.05,19.087,1.39,53.22,438.96,434723235,9556581509,22.68,92325440,89.8,9.2
STK171,Company_171,Tech,Software,244.73,-3.724,1.959,-3.69,341.62,-2619138688,9720047556,17.87,1865380218,171.82,15.31
STK172,Company_172,Finance,E‑commerce,457.46,14.83,1.87,66.09,568.78,4446803404,6791682072,12.75,151785204,137.79,3.78
STK173,Company_173,Healthcare,Pharma,386.08,11.295,0.884,76.88,302.79,-3737498217,6280919229,0.76,3398415746,176.84,1.97
STK174,Company_174,Healthcare,Software,534.3,2.681,0.877,26.44,234.51,313238343,-1608553942,15.0,945138519,43.09,-7.73
STK175,Company_175,Finance,E‑commerce,750.1,9.538,3.461,144.24,106.19,3368756442,3522900763,13.7,4511464876,175.05,28.6
STK176,Company_176,Energy,E‑commerce,588.73,15.141,1.674,135.51,473.86,-942691562,5182859578,13.07,72908951,14.77,5.75
STK177,Company_177,Tech,Oil & Gas,179.8,-3.834,2.458,105.54,443.32,1914646343,-1761990565,9.69,3966282825,178.05,-6.86
STK178,Company_178,Retail,E‑commerce,34.63,-6.919,1.756,75.34,236.77,2670006894,8012197943,10.86,4202257559,67.83,3.86
STK179,Company_179,Tech,E‑commerce,217.19,6.704,3.81,129.2,24.86,3617573604,9879757471,5.03,1098256242,64.97,38.11
STK180,Company_180,Tech,E‑commerce,480.11,12.314,1.63,10.9,505.01,-1682067813,8366670984,10.58,1516578401,103.88,41.09
STK181,Company_181,Energy,E‑commerce,50.63,10.491,2.175,116.48,16.74,-1982835524,-1904572349,0.93,3586392384,188.32,18.98
STK182,Company_182,Tech,Banking,402.13,11.913,3.593,9.97,425.18,2560964853,6540714232,19.16,2129165657,12.41,14.96
STK183,Company_183,Finance,Banking,481.51,-2.577,3.494,117.07,582.45,1497951230,2472899567,0.57,3925433539,72.39,48.67
STK184,Company_184,Finance,Oil & Gas,274.05,12.713,1.396,34.12,268.22,-1975985379,4401255852,-2.45,3995790788,171.74,2.03
STK185,Company_185,Healthcare,Software,619.02,-15.192,3.368,130.33,148.63,-1958639891,-1271985468,8.09,720474124,81.02,2.92
STK186,Company_186,Retail,E‑commerce,94.21,1.78,2.266,141.05,425.87,1338030929,-1781064557,14.75,4314946250,42.23,7.51
STK187,Company_187,Tech,Software,69.36,-19.77,2.346,13.81,492.11,-2103475542,4947234641,8.13,3901831080,86.68,0.37
STK188,Company_188,Tech,Software,585.27,-7.017,1.227,64.03,332.39,-1723398051,7482357585,3.3,4543102769,78.95,12.76
STK189,Company_189,Energy,Oil & Gas,401.44,-5.342,1.058,146.96,580.55,-4804782993,4819106761,11.75,3587854918,183.34,44.65
STK190,Company_190,Finance,E‑commerce,553.84,-4.153,3.129,67.35,40.48,-2988537165,7072536364,5.41,1976257190,153.1,26.92
STK191,Company_191,Retail,E‑commerce,353.51,7.819,2.389,128.17,307.83,2617351019,3720838318,22.99,1122231627,102.51,14.72
STK192,Company_192,Healthcare,Pharma,204.66,-4.458,2.198,84.2,433.89,4119937076,9947020875,22.68,3784187568,197.71,46.06
STK193,Company_193,Finance,Software,657.09,-2.052,3.134,50.05,518.96,-1336470216,8467056588,10.07,4078622511,94.66,-7.09
STK194,Company_194,Healthcare,Software,641.54,-10.498,3.25,35.73,115.76,3574465390,4991113326,4.84,893137537,14.47,2.62
STK195,Company_195,Energy,Banking,558.81,-5.07,1.309,22.52,482.0,-1581174229,780810678,17.11,2645749246,54.67,23.95
STK196,Company_196,Energy,Pharma,224.99,-10.909,2.753,111.89,336.1,220536015,7985467366,-3.9,968148511,88.91,26.93
STK197,Company_197,Tech,Banking,476.28,-17.072,1.233,51.85,243.97,-3556860641,951911961,9.24,2024596283,33.91,-7.63
STK198,Company_198,Retail,Banking,295.17,4.138,3.204,71.8,87.71,-1678353684,6425075725,5.09,4610070690,189.67,14.18
STK199,Company_199,Healthcare,Banking,82.35,6.729,2.902,68.77,520.52,3224715768,5431338540,22.62,2477811766,154.07,28.95
STK200,Company_200,Finance,Oil & Gas,734.68,4.78,3.861,82.36,102.79,-4187653753,708910784,-4.64,2220981455,55.85,31.88
STK201,Company_201,Energy,Oil & Gas,118.09,-1.46,1.021,128.49,192.77,2282652427,9766848426,11.58,470516676,119.39,28.29
STK202,Company_202,Tech,Banking,760.69,-4.809,0.983,146.92,181.13,-2376759702,9219638997,17.22,3160972012,145.13,9.23
STK203,Company_203,Tech,Pharma,362.34,14.533,1.703,55.21,524.13,-466554510,6661556663,9.55,2350681059,188.43,-4.39
STK204,Company_204,Healthcare,Software,156.26,0.763,1.637,122.4,406.89,-4094700576,3131513106,-2.44,4677697219,176.68,15.63
STK205,Company_205,Energy,Pharma,438.1,-0.833,1.59,112.32,480.04,-1321388844,5775901771,24.17,718386257,104.49,-2.27
STK206,Company_206,Retail,E‑commerce,699.63,-18.974,3.7,81.76,157.78,-1413419097,7760960219,10.54,4840184911,155.61,46.86
STK207,Company_207,Energy,Oil & Gas,588.46,-6.35,1.599,142.97,378.68,866434901,8188178720,13.43,1581525521,113.74,18.51
STK208,Company_208,Healthcare,Software,647.18,-4.792,1.67,22.08,347.33,660979813,8831410715,2.1,947604707,111.88,9.04
STK209,Company_209,Healthcare,Software,530.44,-4.047,3.23,7.48,501.37,-1781239828,6881877683,9.5,4539872683,25.6,35.98
STK210,Company_210,Energy,E‑commerce,556.9,3.207,2.239,126.63,544.59,-329014073,-1221642115,7.87,85892270,27.85,19.88
STK211,Company_211,Healthcare,E‑commerce,680.86,1.344,3.285,60.26,17.17,-3785378384,2111129636,-2.75,451386268,107.32,8.6
STK212,Company_212,Energy,Banking,207.24,4.316,1.009,125.52,407.67,4846283095,6118081122,-1.82,1861061008,55.97,38.72
STK213,Company_213,Finance,Oil & Gas,396.65,10.595,2.36,132.89,40.58,-3573187948,5096467582,20.12,613837682,7.14,42.03
STK214,Company_214,Energy,Oil & Gas,184.76,12.519,0.908,-0.01,333.83,4851692481,8564093095,2.19,1834430558,145.4,30.38
STK215,Company_215,Energy,Pharma,790.26,8.725,1.0,131.35,179.7,3768172135,656910973,0.85,797798529,9.4,-7.18
STK216,Company_216,Healthcare,Banking,755.81,18.221,3.701,61.73,191.0,-2193739259,9031847931,10.15,4334348079,120.27,23.98
STK217,Company_217,Healthcare,Banking,41.15,-19.271,1.246,71.67,218.25,4415899319,2549130901,18.06,2954851808,109.22,35.8
STK218,Company_218,Tech,Banking,567.4,-12.169,2.504,90.25,376.56,564793883,2342549319,-3.14,981853753,193.86,-1.81
STK219,Company_219,Tech,Banking,740.95,-19.697,2.116,138.22,207.09,1956197413,9045750997,12.3,576106041,98.39,3.72
STK220,Company_220,Finance,Oil & Gas,152.65,5.899,1.911,-6.94,442.29,3215976112,-135760103,-1.42,3819819570,15.53,42.95
STK221,Company_221,Tech,Oil & Gas,458.68,15.921,3.679,66.29,248.67,1251836684,-242992664,-3.91,970408872,111.68,-8.79
STK222,Company_222,Energy,Banking,733.24,-10.261,0.87,100.04,50.33,-3510136093,-477961595,-3.42,3691203322,168.7,35.16
STK223,Company_223,Healthcare,Pharma,36.82,17.081,2.924,105.63,472.42,2707236434,7890579058,20.02,3519448273,199.38,18.43
STK224,Company_224,Tech,Software,560.96,-17.589,3.883,100.81,178.6,489522939,9599527786,-1.46,945223565,87.78,16.81
STK225,Company_225,Tech,Software,244.91,17.377,2.593,11.51,265.33,4200916205,9119756639,-3.65,346303115,66.1,-9.57
STK226,Company_226,Finance,Pharma,740.27,-5.935,3.798,37.9,414.41,-4617792087,6326501964,8.14,2472870916,181.61,39.16
STK227,Company_227,Finance,Banking,777.14,-15.943,0.967,47.39,206.15,3554269487,8092547729,20.32,432388217,40.67,11.59
STK228,Company_228,Energy,Oil & Gas,755.97,-0.565,2.14,118.71,43.39,-3969253522,7637055950,2.87,4102392516,124.24,22.45
STK229,Company_229,Healthcare,Software,384.63,-9.729,1.633,34.6,230.61,1222457580,817083284,7.65,1037924329,82.93,30.64
STK230,Company_230,Finance,E‑commerce,691.01,-8.605,3.139,23.71,567.22,-1077695490,-1146100122,-3.8,2690546736,11.09,32.16
STK231,Company_231,Tech,E‑commerce,677.19,-7.708,3.94,143.19,388.62,108405826,7942894426,8.47,2046142051,71.42,47.36
STK232,Company_232,Healthcare,Pharma,262.09,12.121,1.621,-8.58,406.17,-683443817,-1035339861,12.33,1175786685,55.25,21.88
STK233,Company_233,Healthcare,Banking,664.84,1.566,2.893,149.65,383.05,-446920587,2591979607,12.13,25901724,138.16,13.98
STK234,Company_234,Tech,Software,39.24,-7.548,1.434,98.29,127.41,3180909128,4326604934,4.97,708195057,189.91,47.22
STK235,Company_235,Finance,Banking,481.05,4.413,2.609,122.56,256.82,2076029331,2481004975,4.47,1366011909,55.81,28.53
STK236,Company_236,Tech,Software,191.71,8.646,2.285,37.14,453.05,56003282,3714715994,-1.8,2932985806,162.86,7.89
STK237,Company_237,Healthcare,Pharma,105.25,-9.095,3.91,-7.71,69.81,4853800599,1198619892,6.0,1296584579,13.91,-2.41
STK238,Company_238,Retail,Pharma,70.79,-3.458,2.747,108.06,173.93,-4506950974,-228742344,-2.02,420423216,109.01,40.55
STK239,Company_239,Retail,E‑commerce,560.07,-15.125,1.918,123.46,173.03,3338820378,7430698516,18.0,3740406001,16.9,11.73
STK240,Company_240,Energy,Banking,278.5,-12.754,1.165,108.48,264.89,-3928585173,4499037479,23.99,4503379685,187.0,29.63
STK241,Company_241,Tech,E‑commerce,582.57,7.245,1.284,12.86,588.42,2374976686,-107898704,24.1,2499348969,153.97,18.25
STK242,Company_242,Tech,Banking,61.63,-12.742,1.521,110.55,49.83,2972028374,7952751251,20.95,771718291,132.62,1.94
STK243,Company_243,Energy,E‑commerce,259.08,1.007,1.603,113.03,316.03,4857260675,1916836597,13.02,4335216367,165.31,26.1
STK244,Company_244,Energy,Oil & Gas,436.2,8.362,3.522,95.37,115.83,4873516207,-1738313125,16.03,3469579192,130.56,-6.36
STK245,Company_245,Energy,Oil & Gas,634.67,-15.725,2.596,112.58,582.7,4049741679,980782107,3.56,4634802252,193.88,14.8
STK246,Company_246,Healthcare,Oil & Gas,261.81,2.692,2.475,125.35,76.85,-3109965067,-1215089727,13.92,370616455,143.65,22.8
STK247,Company_247,Tech,Oil & Gas,504.45,-9.737,1.167,88.18,248.12,-1865911231,-629711815,8.67,1488791724,185.16,16.16
STK248,Company_248,Healthcare,Software,709.92,18.517,3.552,4.18,445.35,3333184898,4079586600,9.46,275267433,104.87,34.92
STK249,Company_249,Energy,Oil & Gas,496.53,-0.658,3.113,68.02,425.69,1888255636,6194862410,17.73,885123161,26.06,39.68
STK250,Company_250,Tech,Pharma,194.04,12.24,1.017,2.42,259.41,-1292861101,-958134276,3.46,1129533308,107.05,36.27
STK251,Company_251,Healthcare,Pharma,29.28,2.009,3.065,55.21,214.45,-1467412365,2687135621,4.54,4702374408,27.99,-7.67
STK252,Company_252,Healthcare,Software,697.38,-18.263,2.539,55.14,244.59,39470036,-631238582,22.74,3054978354,119.72,1.65
STK253,Company_253,Energy,Oil & Gas,26.8,5.326,1.062,0.56,165.92,1381537276,2744547137,-3.31,3901673830,98.05,22.2
STK254,Company_254,Tech,Oil & Gas,701.01,18.056,2.267,45.81,131.15,-4497817229,9054604148,9.57,4896530722,125.65,46.09
STK255,Company_255,Energy,Oil & Gas,427.86,4.064,2.351,7.76,294.99,2224792828,6851506400,22.38,243423318,4.98,40.1
STK256,Company_256,Tech,E‑commerce,751.86,12.768,1.33,119.32,168.43,-116237971,5363352511,13.31,89591041,41.38,40.55
STK257,Company_257,Retail,Banking,641.04,15.368,3.826,141.63,179.6,2010409496,-446737549,11.39,626849141,99.79,8.19
STK258,Company_258,Finance,E‑commerce,798.37,-10.877,3.52,1.57,397.49,-2493435433,-1461516969,2.49,2835871531,190.25,15.77
STK259,Company_259,Finance,Banking,287.06,-11.518,2.941,142.82,581.44,-3324446343,-910741470,5.3,4576336617,78.57,18.24
STK260,Company_260,Finance,Oil & Gas,616.08,4.439,2.279,73.61,366.15,-3474721211,5052707840,20.56,1559651326,86.6,-0.56
STK261,Company_261,Energy,Oil & Gas,327.53,-3.559,2.118,37.93,55.42,-4805656214,123952048,11.78,3243455265,143.8,-8.14
STK262,Company_262,Retail,E‑commerce,389.1,13.594,2.883,2.3,54.59,3655118806,9115777505,10.44,2157629341,121.95,46.81
STK263,Company_263,Tech,E‑commerce,505.73,16.001,2.545,70.1,571.34,-250396524,-642456689,-2.01,558947710,61.89,4.44
STK264,Company_264,Healthcare,Banking,700.2,-5.863,0.999,117.12,185.4,1541849447,4987776220,-4.52,1297950146,83.93,4.4
STK265,Company_265,Tech,Pharma,787.43,-10.525,2.44,103.13,64.32,1702639241,9216935960,23.91,157760642,45.89,-5.0
STK266,Company_266,Healthcare,Banking,616.94,11.221,3.38,-1.96,363.44,-951309645,7688345416,6.31,1490774853,193.31,45.71
STK267,Company_267,Tech,E‑commerce,340.04,-9.008,2.27,1.66,377.95,-4644660025,-593737687,13.1,1686306619,28.73,24.78
STK268,Company_268,Retail,E‑commerce,342.87,12.905,0.966,54.46,392.62,4680589002,7296974304,-2.61,3080698979,76.25,30.02
STK269,Company_269,Healthcare,Software,592.69,-3.05,3.316,37.25,167.77,-1649975617,3073094479,15.49,3919350753,8.09,44.69
STK270,Company_270,Energy,E‑commerce,198.63,6.702,1.444,27.18,18.92,-4575926919,8242348433,22.98,4968177937,46.69,10.74
STK271,Company_271,Tech,Software,97.27,-16.179,1.628,34.96,579.36,-4675038028,4167552344,12.27,2701958883,156.75,27.29
STK272,Company_272,Tech,Pharma,290.15,4.954,1.327,118.56,158.03,-2487107227,551423020,-1.22,4428667443,42.63,-7.67
STK273,Company_273,Healthcare,Banking,236.92,-1.929,1.857,138.68,408.86,-4028155196,4827509780,12.45,1941347933,18.77,1.21
STK274,Company_274,Energy,Banking,244.08,3.464,3.222,54.82,426.91,-1153006534,2584348741,17.99,751984636,96.47,39.87
STK275,Company_275,Energy,Software,194.55,-13.279,2.462,134.98,369.9,-1994789017,9695503646,7.19,4129235438,4.96,36.01
STK276,Company_276,Retail,Banking,43.25,9.475,1.456,41.44,194.62,3003524362,5613563913,21.4,836121330,19.7,11.04
STK277,Company_277,Energy,E‑commerce,24.12,14.512,3.609,66.23,169.95,2685810892,5365437432,14.46,2863315858,162.1,12.61
STK278,Company_278,Energy,Oil & Gas,790.3,-11.33,3.615,26.16,362.62,-3942389380,597765598,21.98,1484796362,154.98,22.01
STK279,Company_279,Energy,Software,347.94,-16.171,3.586,92.48,521.0,1114091739,8254025219,13.71,92030463,183.28,-9.99
STK280,Company_280,Finance,Banking,313.62,-19.054,1.564,146.64,568.57,2703327325,-673704340,-1.06,4070869530,171.34,4.47
STK281,Company_281,Retail,Software,546.92,5.679,2.244,86.56,72.48,-4863512474,-739277671,4.29,3215848763,137.59,2.49
STK282,Company_282,Tech,Software,182.42,4.284,3.952,47.25,101.35,-3968904009,8983970680,1.05,634992032,13.31,5.03
STK283,Company_283,Healthcare,Oil & Gas,760.47,1.868,3.27,93.65,567.39,4209737889,9435642116,22.26,3780888420,157.22,38.35
STK284,Company_284,Tech,E‑commerce,631.21,-10.722,0.887,9.67,444.56,4086867998,6099938926,17.81,1166161120,169.57,6.78
STK285,Company_285,Retail,Software,80.63,-4.364,1.009,132.19,530.97,4527353621,5800000092,15.29,4228757647,160.42,1.49
STK286,Company_286,Healthcare,Banking,339.89,3.779,2.285,70.49,129.55,-4407787272,-1918630141,4.03,1654555910,103.17,20.26
STK287,Company_287,Retail,Pharma,704.5,-0.129,3.71,61.9,356.68,3150746537,5455710828,0.52,1900560105,48.88,41.94
STK288,Company_288,Energy,Software,756.34,19.511,2.524,83.74,423.67,-1799478450,3190036668,17.69,4602641908,169.53,4.48
STK289,Company_289,Healthcare,Software,379.25,-14.542,2.393,89.97,411.27,-4671693291,7160856168,9.22,2493429040,146.25,-5.29
STK290,Company_290,Energy,Oil & Gas,494.59,7.806,1.138,1.48,250.81,3142760546,2540283647,1.77,135283739,196.21,11.38
STK291,Company_291,Tech,E‑commerce,141.96,-3.827,2.902,99.22,19.08,-1590099249,-1408884771,13.5,2334600426,33.67,34.86
STK292,Company_292,Tech,Pharma,793.02,-2.872,3.431,28.71,353.93,3812353296,-1996008182,-3.79,237235680,47.46,23.04
STK293,Company_293,Healthcare,Banking,193.02,8.704,2.017,104.23,159.33,-2606369291,-1894266583,4.79,3021391505,44.72,39.01
STK294,Company_294,Healthcare,Pharma,754.76,7.697,3.282,121.61,275.65,-34863988,-1100394333,9.06,4544317172,159.13,47.58
STK295,Company_295,Retail,Banking,523.22,19.65,3.886,118.63,574.97,-1415459163,6210800123,-0.56,2189222432,39.82,37.56
STK296,Company_296,Retail,E‑commerce,490.11,-14.864,1.452,78.4,245.43,-3460964369,5217604341,24.54,571234672,16.13,26.23
STK297,Company_297,Energy,Banking,415.02,-15.836,2.475,73.23,505.48,3215810476,9254408806,1.27,3742150917,199.72,19.6
STK298,Company_298,Healthcare,Oil & Gas,192.23,8.974,1.719,12.86,121.24,1724579490,6949530452,-1.09,4308178665,7.89,-7.6
STK299,Company_299,Tech,Oil & Gas,149.46,3.135,3.337,114.06,406.75,79539213,8247532188,1.11,3099372584,167.54,49.06
STK300,Company_300,Retail,Oil & Gas,184.18,-9.034,2.648,33.43,586.43,4189507143,3901058009,18.07,4655779216,74.98,13.01
STK301,Company_301,Retail,Oil & Gas,157.29,-16.823,2.831,69.47,70.12,-2524069746,7240068830,7.77,945121341,168.8,-0.87
STK302,Company_302,Tech,Pharma,625.87,-16.574,3.353,35.48,14.91,2567232508,-1347653858,11.96,1085203257,112.26,30.0
STK303,Company_303,Retail,E‑commerce,286.6,15.768,2.067,11.41,265.81,-3815630946,3706113811,-4.37,4025335051,180.62,7.06
STK304,Company_304,Energy,Banking,55.7,-12.325,3.728,90.73,64.65,-4122766857,-1216348692,-3.97,2746263053,185.46,25.15
STK305,Company_305,Healthcare,Banking,775.59,-7.065,2.506,-1.31,451.55,3661902395,6440511128,8.37,1970690607,4.79,25.21
STK306,Company_306,Tech,Oil & Gas,708.19,-10.934,1.305,109.78,549.58,2212105412,-160963975,19.5,651823847,17.86,16.74
STK307,Company_307,Healthcare,Oil & Gas,742.92,-5.8,3.027,40.81,266.07,-376174535,9304436443,21.56,1980123476,52.32,40.17
STK308,Company_308,Retail,Software,795.98,-17.223,3.338,-9.98,162.64,-3192844394,5413591414,-2.4,790101001,134.86,5.9
STK309,Company_309,Retail,E‑commerce,147.38,0.762,1.814,71.78,266.3,-2415794783,3871054530,11.15,1308779830,177.99,16.92
STK310,Company_310,Tech,Pharma,323.03,-17.295,3.543,-2.5,436.83,3319819566,2927302754,22.4,228195464,93.61,22.26
STK311,Company_311,Energy,Banking,609.01,12.014,3.7,34.19,15.34,-3660820007,3182225994,6.64,2021335731,122.57,29.82
STK312,Company_312,Finance,Software,559.86,-10.652,1.686,103.12,357.78,2104563770,3640436563,19.89,4019697505,40.13,37.04
STK313,Company_313,Tech,Software,131.58,1.6,3.947,0.03,371.84,721367939,8300536533,-0.99,4015495993,161.58,13.69
STK314,Company_314,Finance,Banking,654.51,15.203,1.25,124.29,386.24,-1013832968,6619203515,23.06,4842826146,193.56,28.76
STK315,Company_315,Finance,Pharma,187.31,6.035,1.446,-9.39,152.79,2923623373,8837951357,17.54,131241577,55.91,-0.96
STK316,Company_316,Energy,Software,186.82,1.318,1.39,29.49,431.29,-4038002298,-609586709,23.24,3080465426,100.48,45.96
STK317,Company_317,Finance,Software,434.21,-7.027,3.661,108.54,63.92,3779086574,9876417058,15.3,1856168785,19.96,12.98
STK318,Company_318,Finance,E‑commerce,478.42,-6.68,2.894,40.6,127.57,-2215848030,7204807949,5.9,1326159816,113.15,33.77
STK319,Company_319,Energy,Pharma,468.27,6.779,1.287,6.3,527.71,4584134035,824869330,23.15,4152445378,102.05,-8.78
STK320,Company_320,Finance,Software,82.27,19.766,2.209,47.64,445.85,-3118045316,5050483299,3.27,1253119736,31.45,2.31
STK321,Company_321,Finance,Pharma,703.19,6.474,2.769,33.26,18.11,-1137706170,6699756061,4.97,4188333824,90.09,19.22
STK322,Company_322,Finance,Banking,219.82,2.311,1.067,124.83,156.54,-3092539550,9974240560,16.02,30909659,68.82,42.7
STK323,Company_323,Tech,Oil & Gas,112.32,9.226,3.624,40.14,136.5,-2716533307,1879421071,17.96,1782439580,105.8,21.64
STK324,Company_324,Tech,Software,712.11,-1.392,3.372,116.23,169.78,1604727423,7738474485,22.88,4736429195,118.37,45.79
STK325,Company_325,Tech,E‑commerce,764.96,-17.594,2.417,132.7,156.06,489395620,4639691024,1.14,2196816808,4.67,19.03
STK326,Company_326,Energy,Banking,691.08,2.492,3.895,59.41,46.89,4826908157,1742270470,18.94,4410923940,152.92,19.43
STK327,Company_327,Retail,Pharma,649.52,18.305,2.137,135.59,280.77,3715155151,9961843209,17.16,1757615439,143.46,-2.82
STK328,Company_328,Finance,Banking,527.64,-12.988,3.949,50.37,442.31,-33799293,3470493219,-3.09,2300541973,75.16,38.16
STK329,Company_329,Finance,Software,445.18,7.6,2.937,144.25,367.97,-4054726311,1916231173,6.62,3448276409,13.43,4.82
STK330,Company_330,Energy,Pharma,78.72,-11.963,2.831,4.29,406.99,-1950080319,-590563203,3.48,2738442351,151.72,43.98
STK331,Company_331,Finance,Oil & Gas,332.68,1.433,1.331,99.92,57.88,4001087746,-1769049674,4.13,4483465486,191.17,44.65
STK332,Company_332,Tech,Banking,304.42,-16.133,3.622,69.01,571.38,659455623,874866349,24.49,1582443855,50.31,46.6
STK333,Company_333,Retail,Software,215.21,-1.985,2.168,52.02,504.71,4716689054,3341097342,14.28,4750083632,66.73,21.21
STK334,Company_334,Healthcare,E‑commerce,581.5,10.247,1.319,91.23,485.0,-3655459866,7904397181,16.53,4296280513,39.21,30.63
STK335,Company_335,Finance,Pharma,401.74,-6.097,0.84,102.62,495.56,-1407266367,2568491291,24.3,1762079591,116.66,36.71
STK336,Company_336,Tech,Banking,74.03,6.596,2.591,-9.3,560.3,654697084,7350689866,6.32,2802215033,33.5,-2.14
STK337,Company_337,Healthcare,Banking,183.94,11.818,2.488,16.71,331.11,-3772929585,2317041852,19.06,145347503,73.17,26.06
STK338,Company_338,Retail,Oil & Gas,549.77,17.087,3.102,104.09,128.17,3982383389,4207986610,8.04,532290612,140.31,-7.94
STK339,Company_339,Healthcare,Oil & Gas,70.14,-10.614,3.649,96.62,373.9,647133925,2656841391,21.09,2729079925,113.34,19.85
STK340,Company_340,Tech,E‑commerce,682.45,-4.027,1.054,144.57,448.3,-520124047,931970613,0.42,2688958885,79.13,-0.71
STK341,Company_341,Healthcare,E‑commerce,401.17,-13.903,3.141,111.77,445.37,-1645785740,6347587386,23.43,585632532,85.79,0.98
STK342,Company_342,Energy,Software,389.66,19.699,1.4,142.12,317.65,-3289624666,2237256300,1.56,507185600,113.74,11.9
STK343,Company_343,Healthcare,Software,478.0,17.08,3.546,102.41,50.39,-2173675370,567703196,4.79,3635750810,4.16,15.95
STK344,Company_344,Finance,E‑commerce,661.5,1.598,3.421,37.69,228.96,-4965386403,6941974727,17.69,4903266298,18.47,27.39
STK345,Company_345,Finance,E‑commerce,284.77,13.681,2.531,6.86,553.25,3345872311,9331629442,6.81,4464367787,176.61,-5.53
STK346,Company_346,Energy,Pharma,545.63,0.838,3.073,115.09,354.82,313495036,3614147820,13.25,4651441307,18.34,20.22
STK347,Company_347,Tech,Oil & Gas,456.93,4.943,1.806,93.06,327.62,-242833301,7525002703,8.34,2897713808,142.24,0.96
STK348,Company_348,Finance,Software,220.95,-16.435,2.308,-2.29,168.62,366574862,2673577926,17.27,2970011642,184.25,24.44
STK349,Company_349,Retail,Oil & Gas,704.12,10.211,3.429,47.61,227.38,-1127730487,1524244602,1.85,4939988676,56.32,28.24
STK350,Company_350,Finance,Oil & Gas,639.97,-14.891,2.27,143.09,538.25,-2007717281,9496101161,-3.25,4051032788,75.99,23.4
STK351,Company_351,Finance,E‑commerce,530.18,13.043,1.945,70.06,403.21,-4094250542,731802528,4.0,795519684,115.08,34.3
STK352,Company_352,Tech,Pharma,681.96,11.281,2.381,59.24,474.56,-1318389857,4020655678,9.23,2447150042,176.7,10.14
STK353,Company_353,Healthcare,Banking,695.16,8.35,3.45,63.23,278.06,2818673655,-677690694,0.04,1629235777,188.56,35.91
STK354,Company_354,Finance,Pharma,569.61,-18.554,1.873,23.42,381.85,1187216162,8639493328,5.64,1184854054,148.69,15.97
STK355,Company_355,Energy,Pharma,671.24,-7.875,1.356,48.99,156.55,-136359232,9996114351,7.0,4231352050,20.06,19.05
STK356,Company_356,Healthcare,Oil & Gas,561.0,-9.475,3.078,49.17,426.22,-3148938223,2214400559,-3.28,2168779914,134.82,28.89
STK357,Company_357,Retail,Pharma,547.31,-5.595,3.443,-1.62,262.28,-3692214534,4022505058,12.5,1117150200,83.83,-8.9
STK358,Company_358,Tech,Software,498.7,-16.494,1.122,112.81,271.1,-4149186232,9620615535,21.53,71731354,95.73,29.24
STK359,Company_359,Retail,Oil & Gas,604.65,17.478,1.568,56.64,393.1,3872080073,1960784188,-0.45,222655105,12.68,27.12
STK360,Company_360,Healthcare,Software,135.3,2.152,1.254,121.55,562.41,2629109528,7199795294,12.93,2584225508,40.64,8.59
STK361,Company_361,Healthcare,Banking,705.89,-7.779,1.913,126.06,47.76,-2571539721,-693291141,14.94,1477481145,158.73,-4.85
STK362,Company_362,Healthcare,Oil & Gas,698.76,-4.121,2.241,23.92,496.6,-1576004535,9218491217,7.58,4104462643,92.43,-4.54
STK363,Company_363,Retail,Banking,33.11,-2.112,3.196,95.18,182.51,2405522409,3610520053,16.03,3889174484,62.43,45.39
STK364,Company_364,Healthcare,Oil & Gas,662.4,4.024,2.884,65.57,271.91,-2034730003,3695589873,7.32,3075345043,78.65,31.36
STK365,Company_365,Retail,E‑commerce,111.81,0.627,2.787,130.83,22.93,757596253,6894516302,10.14,3523908540,171.32,-2.37
STK366,Company_366,Healthcare,Pharma,274.74,16.776,1.928,24.52,187.62,-4774981096,3797329946,-4.78,4844338328,150.55,11.4
STK367,Company_367,Energy,E‑commerce,597.37,-0.121,3.493,98.45,306.55,-19448990,9294167741,15.75,3528584130,56.65,25.55
STK368,Company_368,Healthcare,Banking,137.0,19.686,2.308,87.24,43.14,-375147255,-1431827615,14.84,2314359936,26.15,40.13
STK369,Company_369,Retail,Pharma,656.19,14.057,3.933,37.25,299.75,4599227338,6209893235,-3.85,3703417220,52.64,-7.38
STK370,Company_370,Finance,Oil & Gas,667.39,-11.66,2.829,11.86,557.0,-927290667,-1048590580,6.05,924979730,184.39,4.2
STK371,Company_371,Healthcare,Pharma,410.9,17.224,1.204,94.26,72.18,-3691742842,-1758786015,24.37,369879480,117.57,43.38
STK372,Company_372,Finance,Software,15.04,-15.345,2.964,108.18,461.02,4726021328,3392928846,7.62,2771925922,108.1,-9.45
STK373,Company_373,Energy,Pharma,236.76,12.698,1.84,40.5,251.71,3276042705,-1262999204,10.06,2522259041,120.49,2.08
STK374,Company_374,Tech,Software,497.37,-4.775,2.996,93.17,396.55,212793850,3014201425,22.3,144615736,75.11,47.54
STK375,Company_375,Energy,Pharma,785.14,15.119,1.023,53.22,163.54,-4958395150,4281791430,16.52,523029045,162.0,26.8
STK376,Company_376,Healthcare,Software,509.13,14.722,1.36,104.11,104.1,2979856354,-1857115146,12.46,2682770939,106.09,5.7
STK377,Company_377,Finance,Banking,215.24,12.237,3.538,21.87,104.67,-1859703110,7113439935,18.93,4023304275,26.0,-5.98
STK378,Company_378,Finance,E‑commerce,510.86,11.601,1.527,132.43,51.59,3361253519,-213889128,20.93,897058500,28.43,-8.31
STK379,Company_379,Retail,Oil & Gas,436.59,-7.813,3.479,35.99,119.53,2651980216,2566108173,8.71,12695145,108.76,4.68
STK380,Company_380,Finance,Pharma,626.08,-16.763,1.694,48.85,401.89,4654542574,4330808705,9.25,4146457816,187.5,42.89
STK381,Company_381,Retail,E‑commerce,94.51,-3.881,2.857,-0.71,530.2,-2568125053,-61824668,6.58,4644596207,63.75,14.95
STK382,Company_382,Tech,Oil & Gas,611.21,-13.059,3.021,7.84,490.33,3616810229,6028044888,24.0,1932010283,174.3,33.22
STK383,Company_383,Healthcare,Oil & Gas,437.6,7.798,2.44,72.54,414.23,-439235623,9960787,15.91,447621735,153.53,45.1
STK384,Company_384,Retail,Software,770.76,-6.156,1.777,32.81,75.15,4156721342,-236017220,-2.5,4373344342,51.82,14.48
STK385,Company_385,Tech,Banking,280.08,19.024,1.48,123.68,180.62,130113598,1511665685,20.89,4136730939,10.16,1.48
STK386,Company_386,Finance,Banking,509.77,5.639,0.906,-7.65,192.79,-3507158,5187827839,9.42,3887788639,23.06,21.03
STK387,Company_387,Finance,E‑commerce,746.3,12.899,1.773,50.66,157.47,-4047453634,-1410035798,-2.94,4720035440,146.51,44.49
STK388,Company_388,Tech,Banking,90.98,-14.699,2.89,43.98,313.85,-3636113456,-810852529,11.49,1187525572,42.33,38.26
STK389,Company_389,Finance,Pharma,750.41,14.481,3.803,-6.91,325.98,-4623798265,2492806646,7.51,3287704521,76.14,-6.05
STK390,Company_390,Tech,Banking,553.43,16.91,3.588,9.9,220.56,-4613812647,6292826243,21.33,1664018193,101.83,31.55
STK391,Company_391,Retail,E‑commerce,63.59,-0.518,3.251,56.18,218.74,-2309387602,838108070,1.12,1804798083,145.92,24.31
STK392,Company_392,Retail,Banking,247.76,4.25,3.323,68.86,498.85,496467094,5500571485,19.79,4496132164,25.31,44.45
STK393,Company_393,Tech,Pharma,569.46,10.592,2.928,54.69,475.68,2141655622,3633157712,11.73,4807405657,83.05,-2.65
STK394,Company_394,Retail,Software,63.21,-13.006,1.633,74.95,191.6,-1260655949,-885012412,-3.36,3674362228,98.56,22.04
STK395,Company_395,Retail,E‑commerce,469.91,0.103,3.703,85.22,549.14,-1875285732,451401892,24.16,349001120,109.54,42.77
STK396,Company_396,Retail,Software,283.25,-4.053,2.946,-8.41,572.16,1669063603,1702588841,10.38,833222036,164.22,14.6
STK397,Company_397,Energy,Software,500.52,-14.145,2.593,64.26,202.78,4518723532,-1547287743,3.73,2048152470,36.82,18.92
STK398,Company_398,Healthcare,Software,46.14,-5.299,1.155,144.16,219.11,190847508,378653546,9.08,1562575466,162.14,-5.77
STK399,Company_399,Finance,Oil & Gas,698.51,-17.273,2.231,73.05,308.32,783425854,5826410145,20.74,1550720825,139.5,6.69
STK400,Company_400,Energy,Oil & Gas,779.06,-18.968,2.273,98.41,565.26,-165732641,9823394972,4.15,3432494388,112.51,9.47
STK401,Company_401,Retail,Software,775.41,-14.593,3.567,39.9,527.03,-1446530635,5442573562,0.78,1474440247,140.81,46.71
STK402,Company_402,Tech,E‑commerce,602.22,18.525,2.549,113.84,70.52,-3550309102,6058185312,-1.13,3469451345,84.17,6.96
STK403,Company_403,Retail,Pharma,112.77,1.981,2.017,113.67,241.71,-3941205078,5399303494,3.94,1464324157,30.26,17.65
STK404,Company_404,Healthcare,Pharma,609.03,18.633,3.926,73.41,336.49,3486995829,-1004249218,18.4,4543050144,134.16,30.28
STK405,Company_405,Retail,Banking,29.42,-2.7,1.154,146.16,306.85,-3519019677,1030368768,9.15,2390217831,106.36,-0.27
STK406,Company_406,Tech,E‑commerce,27.48,-7.527,2.152,10.09,124.38,743706803,2608515354,1.82,4023819807,128.96,19.19
STK407,Company_407,Healthcare,Oil & Gas,265.65,0.246,0.934,-7.29,516.7,4067265010,9785513018,-0.01,3128409653,69.59,34.31
STK408,Company_408,Retail,Software,396.03,-2.42,3.168,113.23,409.4,3053570675,1218558390,4.98,3951803538,181.65,42.01
STK409,Company_409,Healthcare,Banking,618.62,-15.773,3.738,119.14,504.37,-4393947501,2758948157,23.2,3911321541,118.71,27.58
STK410,Company_410,Finance,Pharma,549.8,5.633,1.696,9.23,516.67,-2656742625,9812280177,5.29,2606626039,19.82,30.14
STK411,Company_411,Finance,Oil & Gas,362.26,-11.358,3.547,32.49,451.53,-510493692,3473964503,24.64,2276720801,91.61,-2.42
STK412,Company_412,Retail,Oil & Gas,226.17,4.784,1.735,-7.19,269.13,1593429066,-1651402313,9.56,466408586,152.0,46.75
STK413,Company_413,Healthcare,Software,797.73,6.008,3.714,36.93,370.22,-4647710955,4237162165,0.37,3353324559,159.44,-2.05
STK414,Company_414,Tech,Pharma,346.68,-13.919,3.213,113.7,104.62,-554969789,1174373488,21.73,1931355997,100.44,36.48
STK415,Company_415,Retail,E‑commerce,366.6,-17.546,3.376,72.87,407.45,-749028565,948554922,8.81,913917424,179.27,5.89
STK416,Company_416,Finance,Oil & Gas,139.26,11.23,0.858,45.7,115.76,-576092084,6063595472,16.29,4657200765,55.73,46.02
STK417,Company_417,Finance,Software,637.9,-1.608,3.881,49.48,419.43,1204201608,9910732433,24.51,2897772180,83.89,33.2
STK418,Company_418,Retail,E‑commerce,558.01,-17.673,3.125,-9.78,145.46,1462289502,9474382005,-3.49,802143135,180.02,35.23
STK419,Company_419,Healthcare,Pharma,184.41,19.795,1.775,37.97,79.36,4093648963,6726181661,-2.1,2146816773,179.56,3.14
STK420,Company_420,Finance,Oil & Gas,75.08,-17.689,3.454,93.43,107.52,4316049385,4592631649,16.61,4634057992,138.09,16.58
STK421,Company_421,Healthcare,E‑commerce,547.59,7.801,1.701,145.87,11.18,805958302,2456877763,3.45,1030312485,172.22,27.07
STK422,Company_422,Finance,E‑commerce,527.06,19.347,3.593,125.53,434.06,-2822097580,4710583046,0.53,2111438419,20.49,36.2
STK423,Company_423,Finance,E‑commerce,225.88,-10.433,1.16,-6.22,442.12,-2260232290,5655779833,-3.82,3114267830,173.4,-3.76
STK424,Company_424,Energy,Oil & Gas,761.18,-14.31,3.052,133.77,313.81,-1701441761,1807499331,-4.34,4070062820,66.16,47.74
STK425,Company_425,Finance,Oil & Gas,129.34,-15.145,2.53,115.31,105.2,1160535738,4007123760,18.23,1996896108,38.13,43.41
STK426,Company_426,Tech,Banking,351.54,-7.869,1.109,114.86,59.3,1952573121,7737013020,-0.97,1220310428,50.16,6.22
STK427,Company_427,Retail,Pharma,755.46,-15.958,1.574,63.28,21.29,-2849462945,296351193,9.03,2239976973,85.34,39.37
STK428,Company_428,Retail,Software,341.58,7.686,0.84,53.68,107.79,-603961434,5983319560,13.18,4835681337,52.48,21.1
STK429,Company_429,Healthcare,E‑commerce,514.44,-17.508,2.3,38.47,535.6,-3154783842,7989584302,7.85,4836215447,66.15,17.71
STK430,Company_430,Finance,Banking,324.1,0.377,1.764,0.51,152.51,4787964503,7113403063,-4.19,2515152190,29.59,8.87
STK431,Company_431,Tech,Software,226.63,19.868,2.715,26.52,219.02,-4445199990,6668425413,18.51,1390973754,61.35,24.86
STK432,Company_432,Healthcare,Banking,787.34,12.559,1.751,29.46,72.15,4017483604,6555098951,-4.68,4453790963,115.74,33.79
STK433,Company_433,Energy,Oil & Gas,333.37,4.609,1.76,67.45,141.19,1543814510,2086218421,17.86,4851394029,90.05,14.66
STK434,Company_434,Healthcare,E‑commerce,716.34,-7.75,3.178,109.59,316.34,384102795,-1411499664,21.8,4468387271,71.3,27.75
STK435,Company_435,Healthcare,Software,191.66,4.956,0.954,65.81,368.57,-2885878326,7384161222,7.99,877931037,150.05,31.96
STK436,Company_436,Finance,Software,178.35,1.082,3.689,-0.74,154.76,-2199281618,8428847061,11.07,482763227,179.02,32.67
STK437,Company_437,Energy,Software,34.6,-2.957,3.527,143.25,44.06,2694277318,6853753528,9.31,1656638314,152.09,-6.88
STK438,Company_438,Healthcare,Software,524.82,-14.772,2.937,140.84,240.71,1882555497,7551683387,6.68,3605583242,68.4,41.58
STK439,Company_439,Tech,Software,301.14,15.464,2.698,115.63,148.18,531193290,8150179389,21.62,3726411824,149.66,17.5
STK440,Company_440,Tech,Banking,692.84,-2.009,3.655,148.61,139.54,-4419835198,4178943964,21.82,504590354,32.94,5.74
STK441,Company_441,Retail,E‑commerce,383.84,-12.215,1.393,77.12,576.32,3115669786,6493281738,5.07,2874595882,28.67,4.51
STK442,Company_442,Energy,Oil & Gas,774.87,-5.29,1.053,144.04,373.62,-945858891,1167151602,13.45,872055076,71.09,18.98
STK443,Company_443,Energy,Oil & Gas,156.57,-3.435,1.566,2.1,338.56,2584177968,306574889,22.81,3790235804,162.12,43.21
STK444,Company_444,Retail,Oil & Gas,696.21,13.102,3.343,48.51,255.31,918897747,5902730176,23.86,2751692659,51.53,12.7
STK445,Company_445,Healthcare,Oil & Gas,623.51,9.345,0.911,26.06,263.08,-89154277,8047315101,10.27,4786053925,15.46,34.98
STK446,Company_446,Energy,Banking,619.03,10.772,2.665,21.33,329.13,-4921032097,-648679131,8.58,3658421946,28.95,-4.19
STK447,Company_447,Tech,Pharma,677.38,-19.559,3.985,12.53,420.89,-3006848759,5189850582,3.36,2034311707,172.17,18.56
STK448,Company_448,Tech,E‑commerce,611.21,-3.354,3.538,89.59,424.27,-2160422409,1626304718,23.77,3189900551,127.86,49.5
STK449,Company_449,Finance,Software,504.71,-0.746,2.469,115.01,111.3,-2198670475,6228330935,-0.72,516832010,52.88,36.23
STK450,Company_450,Energy,Pharma,113.68,-19.232,1.004,82.53,305.07,373348142,5378464706,12.39,3259310993,112.39,2.63
STK451,Company_451,Healthcare,Oil & Gas,35.7,-9.607,3.46,13.51,253.06,-2206444811,7991305784,3.48,419091069,106.93,20.09
STK452,Company_452,Retail,Pharma,737.47,10.412,2.717,119.78,523.61,-181014856,9857914993,3.37,4422952461,132.12,4.02
STK453,Company_453,Retail,E‑commerce,497.15,-14.516,1.168,91.75,382.54,4077159194,-1816434816,7.15,4277385736,48.94,14.57
STK454,Company_454,Healthcare,Software,639.26,1.412,1.1,52.11,324.18,-718307505,-1490356539,24.96,761120778,173.29,36.81
STK455,Company_455,Finance,Software,390.4,-11.392,3.711,97.86,78.08,82889375,-1261796032,-3.35,2898985451,63.95,36.27
STK456,Company_456,Retail,E‑commerce,102.67,-19.515,2.941,31.58,367.33,1846787160,8636600192,12.36,3122936358,139.74,3.69
STK457,Company_457,Energy,E‑commerce,108.9,-10.352,3.454,45.23,79.15,1061807627,9759106836,-2.52,881333656,6.18,45.33
STK458,Company_458,Finance,Oil & Gas,551.6,19.035,3.613,136.8,208.95,-2325385207,-1402990065,-0.36,3212449289,76.41,25.55
STK459,Company_459,Energy,Software,349.94,12.061,2.63,36.48,94.28,2911397039,73830453,8.19,4286151310,72.29,12.8
STK460,Company_460,Tech,Pharma,168.41,18.383,2.456,65.2,418.32,-2110143566,1592400483,10.31,2868947119,110.07,20.12
STK461,Company_461,Finance,Banking,398.36,-0.486,2.177,132.42,131.69,1003866817,4453040831,2.76,4373050463,17.33,26.3
STK462,Company_462,Retail,Banking,60.73,-15.611,1.814,103.24,241.2,-1538346994,6651701520,4.49,3827137220,158.66,23.59
STK463,Company_463,Finance,E‑commerce,469.76,1.918,2.191,-0.05,538.45,-4893982362,1448778426,-2.39,4569857627,45.9,19.18
STK464,Company_464,Finance,Oil & Gas,222.5,-1.825,3.276,13.57,130.55,1643010157,8753345643,4.1,889263352,136.38,20.3
STK465,Company_465,Finance,Banking,640.07,13.774,2.726,-8.75,309.6,2901968228,6385995756,24.0,2443176994,161.23,0.58
STK466,Company_466,Finance,Software,255.19,-16.077,3.656,90.95,257.37,-157485865,4208173071,23.34,2799765780,113.69,38.76
STK467,Company_467,Energy,E‑commerce,369.62,-0.47,2.219,61.63,20.69,2731827361,9133506143,5.05,1985606215,148.95,22.51
STK468,Company_468,Tech,Pharma,19.18,-13.998,2.743,11.48,477.73,2665527422,9600429057,12.13,1209753968,133.39,-2.14
STK469,Company_469,Healthcare,E‑commerce,67.23,-7.013,2.82,143.27,50.74,-3677638049,3129365937,22.29,695218910,73.04,35.97
STK470,Company_470,Finance,Pharma,320.07,9.494,2.693,74.75,289.81,-1402832468,-79286192,-4.81,4347961677,162.35,45.95
STK471,Company_471,Retail,E‑commerce,389.15,-0.959,3.048,28.7,340.8,1791182629,1564055179,19.32,3799918603,61.06,46.84
STK472,Company_472,Finance,E‑commerce,484.02,-4.964,1.56,70.1,380.77,4679291030,5106991253,23.45,1434459585,115.53,12.14
STK473,Company_473,Retail,E‑commerce,240.41,-4.221,2.44,98.74,416.29,3940692879,2802728686,-2.26,2190778908,149.84,-1.87
STK474,Company_474,Energy,Pharma,559.04,-1.622,1.134,2.2,159.43,1194917094,-275580871,-0.16,2153655391,77.65,21.1
STK475,Company_475,Retail,Pharma,689.5,11.401,2.03,33.95,15.89,3772341453,5701428434,23.82,483057501,62.65,-3.24
STK476,Company_476,Healthcare,E‑commerce,626.08,15.683,2.361,119.11,436.83,2235414411,3242045317,11.13,77413407,93.49,46.04
STK477,Company_477,Tech,Banking,41.3,18.213,2.887,63.55,326.04,-1403982762,-1201301408,-4.57,395783127,164.14,1.01
STK478,Company_478,Retail,Oil & Gas,389.6,11.476,3.842,77.45,503.31,-157984964,3196470732,2.73,4702323159,186.19,5.17
STK479,Company_479,Retail,Oil & Gas,92.89,-7.384,2.722,59.25,494.62,4132265005,7710571342,8.5,443540983,110.38,14.4
STK480,Company_480,Tech,Oil & Gas,201.22,7.525,3.18,-2.98,507.56,-3021438155,5450516576,15.79,19380814,133.31,12.99
STK481,Company_481,Healthcare,Pharma,789.46,-2.496,2.42,16.52,296.21,661892356,9594678819,16.99,2753078101,180.94,37.68
STK482,Company_482,Finance,Pharma,122.57,-9.813,2.829,61.29,206.84,-1159160550,1663290934,24.86,4911604375,22.41,17.38
STK483,Company_483,Retail,Banking,404.12,13.635,1.027,23.47,477.02,4873197261,1032058948,3.63,3964067729,48.72,0.25
STK484,Company_484,Tech,Oil & Gas,498.34,-18.463,1.614,-2.0,276.26,-4941442316,163326081,11.15,4707117515,142.65,6.03
STK485,Company_485,Energy,Oil & Gas,564.95,16.07,1.958,124.98,118.23,4976034658,182452047,11.0,4111965162,165.28,20.55
STK486,Company_486,Tech,E‑commerce,452.12,-1.541,2.312,146.99,514.43,-2619056165,9253850917,7.17,4310413638,171.83,-1.15
STK487,Company_487,Energy,Pharma,17.72,5.488,0.946,116.9,530.71,4226523757,8641821391,0.07,3849731668,84.78,26.7
STK488,Company_488,Healthcare,Oil & Gas,267.9,6.374,1.248,126.61,285.12,-309471555,4348644252,24.32,3305438963,20.6,23.94
STK489,Company_489,Finance,Banking,418.99,15.805,1.686,28.72,54.66,-2624402148,5593373218,20.6,3989998249,89.24,32.88
STK490,Company_490,Tech,Banking,79.41,5.467,3.909,143.7,238.82,2783589374,9289606722,9.95,2984325044,48.45,46.26
STK491,Company_491,Retail,Oil & Gas,287.0,4.557,1.86,21.51,484.09,-3350549410,9309779356,13.1,4011445987,60.37,44.74
STK492,Company_492,Healthcare,Pharma,36.23,-17.334,2.343,142.23,542.05,2156565953,4228915808,1.82,460266080,155.14,46.76
STK493,Company_493,Tech,Banking,72.08,0.736,1.428,149.17,130.05,-752983740,281097896,11.31,1160805345,17.88,4.68
STK494,Company_494,Retail,E‑commerce,323.57,-13.993,2.754,103.88,49.51,-3325393337,9792767558,15.85,2439843518,166.03,-2.11
STK495,Company_495,Tech,Banking,114.85,9.497,1.698,146.98,527.64,3937992799,6263830570,10.46,75758489,87.25,8.14
STK496,Company_496,Energy,Software,458.36,0.489,1.462,81.13,239.75,-4623546827,413186620,24.71,3362534308,120.42,43.71
STK497,Company_497,Tech,Software,554.68,7.209,2.453,31.53,329.64,-422373361,5178634419,13.34,1755554343,20.66,48.32
STK498,Company_498,Tech,Pharma,642.46,-18.333,0.818,59.92,581.16,1287034306,9249241097,6.13,4507796606,69.46,41.56
STK499,Company_499,Tech,Oil & Gas,168.12,-16.608,0.825,84.97,49.27,-3625493122,5253385885,18.16,4607356009,20.67,-3.4
